MAE,RMSE
49.26724010509449,72.03060942321859
