best_epoch,best_MAE,best_RMSE,saved_at
23,109.41203482072432,149.92333747404308,2025-12-05T11:32:48.230306
