Metric,Value
Train MAE,107.85335
Train RMSE,155.52186768559804
Train R²,0.9049023132275738
Test MAE,237.06376373626372
Test RMSE,296.6777828771218
Test R²,0.295501195845716
