MAE,RMSE
109.41203482072432,149.92333747404314
