best_epoch,best_MAE,best_RMSE,saved_at
28,49.26724010509449,72.03060942321856,2025-12-05T10:30:15.046640
